run_id,relative_path,batch,scenario,title,session,run_index,end_reason,normally_completed,exclusion_reason,t_start,t_end,stored_execution_time,theoretical_time,start_pose_predefined,start_pose_used,goal_pose,n_reference_samples,n_measured_samples_total,n_command_samples_total,n_measured_samples_execution,n_command_samples_compared,n_pose_samples_after_reference_end,final_sample_time_offset,final_position_error,final_heading_abs_error,execution_time,execution_time_increase,execution_time_increase_percent,position_error_median,position_error_rms,position_error_p95,position_error_max,position_error_mean,heading_abs_error_median,heading_abs_error_rms,heading_abs_error_p95,heading_abs_error_max,heading_abs_error_mean,path_error_median,path_error_rms,path_error_p95,path_error_max,reference_command_v_rms_difference,reference_command_omega_rms_difference
s10sept_run001,01_right_angle_turn/input_01_original/s10sept_run001.json,01_right_angle_turn/input_01_original,1,Experiment 1 - Right-Angle Turn,s10sept,1,goal_reached,True,,1789049412.4442098,1789049424.7457404,12.301530599594116,11.74162205146606,"[-0.15, -0.35, -2.356194490192345]","[-0.1542645939597369, -0.3577293929118328, -2.3621936208612686]","[2.1, 3.1, -0.5235987755982988]",119,1613,125,616,118,29,0.0,0.001889500571670691,0.09888267258936034,12.301530599594116,0.5599085481280568,4.768579210554189,0.05798278161941693,0.06386157801910938,0.1308728950798877,0.15786335587888456,0.05614300061255399,0.03670495067656576,0.1722459556999575,0.4710083667237983,0.6263601106207064,0.10273272040977331,0.010077851728156964,0.020026091163702252,0.053104065123750994,0.07013628121343189,0.07883927136087863,0.45686774176469774
s10sept_run002,01_right_angle_turn/input_01_original/s10sept_run002.json,01_right_angle_turn/input_01_original,1,Experiment 1 - Right-Angle Turn,s10sept,2,goal_reached,True,,1789049444.643362,1789049456.9658492,12.322487115859985,11.76226867014984,"[-0.15, -0.35, -2.356194490192345]","[-0.12664602618242204, -0.3597232481939132, -2.51125459273012]","[2.1, 3.1, -0.5235987755982988]",119,619,124,617,118,29,0.0,0.007436532460775998,0.09670360752033114,12.322487115859985,0.5602184457101451,4.762843473656247,0.05747518707226828,0.057632669937641635,0.10016335570940822,0.1195577465397189,0.0520598037865912,0.03377928653945528,0.17017375866033066,0.46638775430456947,0.6006902044010332,0.10032782968968171,0.010723762939190943,0.017080969614742286,0.042206550758566025,0.053012937121988575,0.08178500597180946,0.47548742745306527
s10sept_run003,01_right_angle_turn/input_01_original/s10sept_run003.json,01_right_angle_turn/input_01_original,1,Experiment 1 - Right-Angle Turn,s10sept,3,goal_reached,True,,1789049476.04334,1789049488.2858407,12.24250078201294,11.693482811973336,"[-0.15, -0.35, -2.356194490192345]","[-0.13317116705685317, -0.3457953617825549, -2.3566977454600626]","[2.1, 3.1, -0.5235987755982988]",118,619,123,613,117,28,0.0,0.0076031040569279,0.09813577115433159,12.24250078201294,0.5490179700396034,4.695076555613064,0.05731629846981159,0.06214207782249828,0.12448175525822884,0.14357368033104545,0.05504302726422694,0.0339027709653017,0.1652174211645599,0.44880206925054,0.5934277508005286,0.09858319042623458,0.011738126017115632,0.020656927745696146,0.05419529408147325,0.06879901865531547,0.07933453147669575,0.45538844068181294
s10sept_run004,01_right_angle_turn/input_01_original/s10sept_run004.json,01_right_angle_turn/input_01_original,1,Experiment 1 - Right-Angle Turn,s10sept,4,goal_reached,True,,1789049504.845373,1789049517.1673927,12.322019815444946,11.730204531393756,"[-0.15, -0.35, -2.356194490192345]","[-0.14710994404469924, -0.35146029827076264, -2.3715567632539374]","[2.1, 3.1, -0.5235987755982988]",119,623,124,618,118,30,0.0,0.008248889678136513,0.09751239302158465,12.322019815444946,0.5918152840511901,5.045225617910619,0.05818657756394566,0.06276176745225773,0.12326379755759773,0.15038576683469887,0.055476247089352185,0.036128891337269486,0.1718611857935955,0.46592743864774794,0.6289282434407353,0.10186081222402782,0.010260051430731297,0.020200501066828545,0.05196428144861608,0.07048479706425324,0.07783731665732137,0.44486389800545545
s10sept_run005,01_right_angle_turn/input_01_original/s10sept_run005.json,01_right_angle_turn/input_01_original,1,Experiment 1 - Right-Angle Turn,s10sept,5,goal_reached,True,,1789049532.7435627,1789049544.9860451,12.242482423782349,11.742059655988946,"[-0.15, -0.35, -2.356194490192345]","[-0.14895110330806727, -0.35757300904193556, -2.3841530347072117]","[2.1, 3.1, -0.5235987755982988]",119,616,123,614,118,26,0.0,0.011222247257009493,0.09957492471127205,12.242482423782349,0.5004227677934026,4.261797184262863,0.058154050365857475,0.06655412688970601,0.13821982180200001,0.16510649200512562,0.057468702073251283,0.03426245212088963,0.1835287500364979,0.5128863055447394,0.6509720636889593,0.10482749033207583,0.011322646132796854,0.021913920135692197,0.05628930510563939,0.0725508179350083,0.0767759020215975,0.4651514319895138
s10sept_run006,01_right_angle_turn/input_01_original/s10sept_run006.json,01_right_angle_turn/input_01_original,1,Experiment 1 - Right-Angle Turn,s10sept,6,goal_reached,True,,1789049559.0441594,1789049571.3053706,12.261211156845093,11.729871669393233,"[-0.15, -0.35, -2.356194490192345]","[-0.14419719729693825, -0.349128929620083, -2.383845327800352]","[2.1, 3.1, -0.5235987755982988]",119,620,123,614,118,27,0.0,0.012456352496848844,0.09966296104281103,12.261211156845093,0.5313394874518593,4.52979795881556,0.05763167523355224,0.0633286907692321,0.12871733887725156,0.1854175665149459,0.05582994592501406,0.03220942382642056,0.17804820711586208,0.487132655561251,0.6437535356521273,0.10387750361469877,0.011697993807694759,0.018682093722382588,0.04657331509039082,0.05733992062045439,0.07842838159648625,0.4493472540083641
s10sept_run007,01_right_angle_turn/input_01_original/s10sept_run007.json,01_right_angle_turn/input_01_original,1,Experiment 1 - Right-Angle Turn,s10sept,7,goal_reached,True,,1789049584.744027,1789049597.0863402,12.342313289642334,11.747826793929597,"[-0.15, -0.35, -2.356194490192345]","[-0.14803314145969027, -0.3580991387207981, -2.3989778680818703]","[2.1, 3.1, -0.5235987755982988]",119,621,124,618,118,30,0.0,0.008980513101862635,0.09973975964170245,12.342313289642334,0.5944864957127365,5.060395476888737,0.05815420985590568,0.0616434068106355,0.12265755567297185,0.14141908256716323,0.05486417237620486,0.03471936691272948,0.16712103292456645,0.4412264088031571,0.5906005378382622,0.10010914385320381,0.01053457608469616,0.01996698447171124,0.0530000948324793,0.06543584835235625,0.08440415875683412,0.47662880678816655
s10sept_run008,01_right_angle_turn/input_01_original/s10sept_run008.json,01_right_angle_turn/input_01_original,1,Experiment 1 - Right-Angle Turn,s10sept,8,goal_reached,True,,1789049608.6433842,1789049620.9455686,12.302184343338013,11.746453192645571,"[-0.15, -0.35, -2.356194490192345]","[-0.14676774297712947, -0.35035653395545063, -2.406090950511654]","[2.1, 3.1, -0.5235987755982988]",119,620,123,618,118,32,0.0,0.008773106248878513,0.09742994914446479,12.302184343338013,0.5557311506924414,4.731054911455174,0.057517633995803966,0.06366479547765722,0.1281675008215631,0.1959846287188421,0.0559880063155932,0.04673658809422676,0.1831413061992476,0.4913623210076108,0.634829629335206,0.1100827768185962,0.011481634343952992,0.01994033151016308,0.05222571948167781,0.06764471106910488,0.08603351756372234,0.5031919254347329
s10sept_run009,01_right_angle_turn/input_01_original/s10sept_run009.json,01_right_angle_turn/input_01_original,1,Experiment 1 - Right-Angle Turn,s10sept,9,goal_reached,True,,1789049636.7431896,1789049649.0256457,12.282456159591675,11.724096290456426,"[-0.15, -0.35, -2.356194490192345]","[-0.14302139470254382, -0.359927644960075, -2.3701357915139183]","[2.1, 3.1, -0.5235987755982988]",119,621,123,615,118,28,0.0,0.011874440670293243,0.09993672815736732,12.282456159591675,0.5583598691352485,4.762498151689193,0.05776379284906784,0.06350758784965196,0.1298100571726194,0.15014119538931534,0.055956760869046385,0.033642104565206665,0.17302235746700004,0.4685386556723094,0.6099097082542393,0.1014893906462963,0.011083787484779378,0.02063151878762323,0.0549223778352498,0.0697153470310694,0.07884001450900102,0.45303030562883595
s10sept_run010,01_right_angle_turn/input_01_original/s10sept_run010.json,01_right_angle_turn/input_01_original,1,Experiment 1 - Right-Angle Turn,s10sept,10,goal_reached,True,,1789049663.445057,1789049675.7053752,12.260318279266357,11.718712822807522,"[-0.15, -0.35, -2.356194490192345]","[-0.14487407370628924, -0.3504861489037374, -2.358013185897197]","[2.1, 3.1, -0.5235987755982988]",119,618,123,614,118,28,0.0,0.010540819857680178,0.09884778894375623,12.260318279266357,0.5416054564588357,4.6217145572911145,0.059200339936970076,0.06383508841937155,0.12182370927255462,0.14627651081288032,0.05677568333547387,0.032297447723363515,0.16737436838740657,0.44067804848182424,0.7635966350494332,0.09757848626853964,0.011073026169401578,0.01938376771906221,0.04905025159573977,0.06556279319369332,0.08128425052469727,0.4534663872095703
labsept10_run003,02_right_angle_overlapping_circles/input_01_original/labsept10_run003.json,02_right_angle_overlapping_circles/input_01_original,2,Experiment 2 - Right-Angle Turn (overlapping circles),labsept10,3,timeout,False,end_reason=timeout,1789045552.3857286,,20.51990532875061,3.5113942187396794,"[1.33, -0.34, 2.356194490192345]","[1.3419245076096789, -0.3439829369842822, 2.315814966862796]","[1.76, 0.22, -0.5235987755982988]",37,1028,67,,,,,,,,,,,,,,,,,,,,,,,,,
s10sept_run011,02_right_angle_overlapping_circles/input_01_original/s10sept_run011.json,02_right_angle_overlapping_circles/input_01_original,2,Experiment 2 - Right-Angle Turn (overlapping circles),s10sept,11,goal_reached,True,,1789050261.446323,1789050265.6259856,4.179662704467773,3.584714637584863,"[1.33, -0.34, 2.356194490192345]","[1.3378974735778881, -0.34401175353897706, 2.452937157800314]","[1.76, 0.22, -0.5235987755982988]",37,211,42,209,36,30,0.0,0.04982826108976258,0.09802684384574656,4.179662704467773,0.5949480668829104,16.59680412619248,0.054933079930181754,0.05400968282916343,0.09019746454643282,0.09589527631637182,0.047919419282967154,0.37564917187351865,0.3789544188639954,0.5731792060080225,0.5987695178070331,0.34433933542809636,0.05235592556084113,0.049762907599762575,0.08627145206556913,0.09448454551228325,0.10934451476924031,0.7487641481247993
s10sept_run012,02_right_angle_overlapping_circles/input_01_original/s10sept_run012.json,02_right_angle_overlapping_circles/input_01_original,2,Experiment 2 - Right-Angle Turn (overlapping circles),s10sept,12,goal_reached,True,,1789050306.1447186,1789050310.4256592,4.280940532684326,3.512937778126482,"[1.33, -0.34, 2.356194490192345]","[1.3394989715744876, -0.3428224119675547, 2.3024456626389105]","[1.76, 0.22, -0.5235987755982988]",37,216,43,216,36,39,0.0,0.04985842674262947,0.0748146144028996,4.280940532684326,0.7680027545578443,21.862122333616597,0.05702103487628936,0.05520575166939689,0.08906251068976791,0.09700175910263466,0.04889814326678053,0.34090687742600045,0.3975429126463074,0.6388455793834036,0.7762250336606078,0.35451198662986955,0.054924665061012956,0.05161559962042636,0.08552948028906412,0.0963429442909657,0.11159866283978188,0.7356959871716915
s10sept_run013,02_right_angle_overlapping_circles/input_01_original/s10sept_run013.json,02_right_angle_overlapping_circles/input_01_original,2,Experiment 2 - Right-Angle Turn (overlapping circles),s10sept,13,goal_reached,True,,1789050328.544465,1789050333.865841,5.321375846862793,3.5514588617356493,"[1.33, -0.34, 2.356194490192345]","[1.333186418885757, -0.35119316030078807, 2.434815742195862]","[1.76, 0.22, -0.5235987755982988]",37,269,54,269,36,89,0.0,0.04983573639809208,0.024571524528007593,5.321375846862793,1.7699169851271437,49.83633639112913,0.05762174147257695,0.05784439130400039,0.08568438612469556,0.09581048157135533,0.05232280956349672,0.30813775382172937,0.3549629887180256,0.6144674412511331,0.6444289054807597,0.2897155844566748,0.05611929312038488,0.05498235725206387,0.0822765563825378,0.09462446820344082,0.122868347875624,0.7460814218269393
s10sept_run014,02_right_angle_overlapping_circles/input_01_original/s10sept_run014.json,02_right_angle_overlapping_circles/input_01_original,2,Experiment 2 - Right-Angle Turn (overlapping circles),s10sept,14,goal_reached,True,,1789050345.1453867,1789050349.4858947,4.340507984161377,3.5450226654870405,"[1.33, -0.34, 2.356194490192345]","[1.328393969510198, -0.34035944787904215, 2.319043377829014]","[1.76, 0.22, -0.5235987755982988]",37,222,44,219,36,40,0.0,0.04981996331652618,0.061401530953228534,4.340507984161377,0.7954853186743365,22.439498805434212,0.058145194644427106,0.056032189031272064,0.08935068611069426,0.09601385965151099,0.04939274330682542,0.3579304383027586,0.41027955080410433,0.6550398803179913,0.6743121753802015,0.3662211023166036,0.055563623305318104,0.05246877520304182,0.08368745083166301,0.09516237157912512,0.12409921685978703,0.7407297612288366
s10sept_run015,02_right_angle_overlapping_circles/input_01_original/s10sept_run015.json,02_right_angle_overlapping_circles/input_01_original,2,Experiment 2 - Right-Angle Turn (overlapping circles),s10sept,15,goal_reached,True,,1789050363.4452212,1789050367.6656168,4.220395565032959,3.5488318050053387,"[1.33, -0.34, 2.356194490192345]","[1.3383480119442859, -0.33798040238834215, 2.326076252729143]","[1.76, 0.22, -0.5235987755982988]",37,214,43,213,36,39,0.0,0.03691021339873441,0.09447480642752515,4.220395565032959,0.6715637600276203,18.923516157639092,0.04866929290475677,0.05223131207164417,0.08660160583309276,0.10330837684993187,0.04496486291104898,0.43102204828150814,0.487926408481656,0.7524819664189583,0.9117332450471611,0.4353856801252408,0.04638704210635221,0.048677671677025997,0.08249273551860152,0.09291481656267217,0.10663775737990273,0.7272734995616147
s10sept_run016,02_right_angle_overlapping_circles/input_01_original/s10sept_run016.json,02_right_angle_overlapping_circles/input_01_original,2,Experiment 2 - Right-Angle Turn (overlapping circles),s10sept,16,goal_reached,True,,1789050380.4454215,1789050385.4265933,4.9811718463897705,3.595478668374022,"[1.33, -0.34, 2.356194490192345]","[1.3421464925468467, -0.33435459186265915, 2.390056549936487]","[1.76, 0.22, -0.5235987755982988]",37,255,50,253,36,70,0.0,0.04963775954710048,0.013898908681284183,4.9811718463897705,1.3856931780157487,38.53988038378208,0.05932343642163592,0.059461253668336565,0.09402363820866011,0.09867528154884099,0.05186048949426767,0.3971939693847517,0.4914554155756822,0.8321004325467938,0.9726408366744899,0.40537769605600066,0.05730813572248086,0.056808073399342775,0.09156950659727445,0.09712373222557816,0.11406495874940449,0.7343304050444032
s10sept_run017,02_right_angle_overlapping_circles/input_01_original/s10sept_run017.json,02_right_angle_overlapping_circles/input_01_original,2,Experiment 2 - Right-Angle Turn (overlapping circles),s10sept,17,goal_reached,True,,1789050396.044533,1789050400.6866415,4.64210844039917,3.5259057691215094,"[1.33, -0.34, 2.356194490192345]","[1.3263384408276297, -0.3480865808683684, 2.3403775107114764]","[1.76, 0.22, -0.5235987755982988]",37,231,47,230,36,52,0.0,0.04985043567399517,0.04020457230791097,4.64210844039917,1.1162026712776605,31.65718951008058,0.05912654602600166,0.058366953919680394,0.09180588184679468,0.10062685350363836,0.05158203480379776,0.39675957979737064,0.43342801852525875,0.6891551875056884,0.7226686491989933,0.38033531680249405,0.05679633940506178,0.05524113280880042,0.08679487584843276,0.10003640289149911,0.10708206076212344,0.7357043701256593
s10sept_run018,02_right_angle_overlapping_circles/input_01_original/s10sept_run018.json,02_right_angle_overlapping_circles/input_01_original,2,Experiment 2 - Right-Angle Turn (overlapping circles),s10sept,18,goal_reached,True,,1789050412.3438177,1789050416.5058007,4.161983013153076,3.6081782276548293,"[1.33, -0.34, 2.356194490192345]","[1.315794625292782, -0.35358985436057644, 2.5175724247044093]","[1.76, 0.22, -0.5235987755982988]",38,213,42,209,37,28,0.0,0.048589942210047296,0.09846123566024545,4.161983013153076,0.5538047854982469,15.348598393882492,0.05438678349508247,0.053071574331666156,0.08843461504919804,0.09366135608164962,0.046936292729894004,0.3798680928831155,0.3886951606958416,0.5729969668605456,0.6939502288058734,0.3550227835457507,0.051967835712698536,0.048842786840822626,0.08493150058694583,0.0927360175415525,0.10560574676632926,0.7314276887020258
s10sept_run019,02_right_angle_overlapping_circles/input_01_original/s10sept_run019.json,02_right_angle_overlapping_circles/input_01_original,2,Experiment 2 - Right-Angle Turn (overlapping circles),s10sept,19,goal_reached,True,,1789050431.3465838,1789050435.5661097,4.2195258140563965,3.6429875710274118,"[1.33, -0.34, 2.356194490192345]","[1.316307665952204, -0.33618388458590065, 2.453088654918017]","[1.76, 0.22, -0.5235987755982988]",38,216,43,215,37,29,0.0,0.044936023553407464,0.09397749352626539,4.2195258140563965,0.5765382430289847,15.82597337455057,0.05175913768337867,0.051128400321070695,0.08633812737140824,0.0944399222924267,0.04474425342291835,0.35402029404356705,0.37374267568910696,0.5790823867560149,0.7523166391431508,0.3370206659616049,0.04883421781936422,0.04655298416798259,0.08120074991834124,0.09283053739459532,0.13055049428198895,0.7401080425033378
s10sept_run020,02_right_angle_overlapping_circles/input_01_original/s10sept_run020.json,02_right_angle_overlapping_circles/input_01_original,2,Experiment 2 - Right-Angle Turn (overlapping circles),s10sept,20,goal_reached,True,,1789050447.3431342,1789050453.9062824,6.563148260116577,3.6438834024927713,"[1.33, -0.34, 2.356194490192345]","[1.3038702825485156, -0.34480409315932814, 2.494129026428292]","[1.76, 0.22, -0.5235987755982988]",38,331,66,329,37,151,0.0,0.04966699150886269,0.030315377035318836,6.563148260116577,2.919264857623806,80.1141127519817,0.05978077664101877,0.06927551161921215,0.12634082387085036,0.1688814429085814,0.06101851856980848,0.28643769510959594,0.3944693245299181,0.737312468255646,0.855985722899919,0.30003191308144184,0.059344451872858806,0.06462151172483852,0.11003948038194232,0.13110818791035153,0.09770637219904936,0.7271458941319701
s10septs2_run001,02_right_angle_overlapping_circles/input_01_original/s10septs2_run001.json,02_right_angle_overlapping_circles/input_01_original,2,Experiment 2 - Right-Angle Turn (overlapping circles),s10septs2,1,timeout,False,end_reason=timeout,1789052211.7310467,,20.513821840286255,3.5696541760891405,"[1.33, -0.34, 2.356194490192345]","[1.326995752596619, -0.3545159442993513, 2.479292850571327]","[1.76, 0.22, -0.5235987755982988]",73,1038,133,,,,,,,,,,,,,,,,,,,,,,,,,
s10septs2_run002,02_right_angle_overlapping_circles/input_01_original/s10septs2_run002.json,02_right_angle_overlapping_circles/input_01_original,2,Experiment 2 - Right-Angle Turn (overlapping circles),s10septs2,2,goal_reached,True,,1789052255.8617032,1789052260.1449108,4.283207654953003,3.5333272752925384,"[1.33, -0.34, 2.356194490192345]","[1.3354004029691309, -0.3430078896665658, 2.335205238701264]","[1.76, 0.22, -0.5235987755982988]",72,219,86,216,71,38,0.0,0.03978817262164893,0.09725231697482117,4.283207654953003,0.7498803796604645,21.22306600082436,0.04769504540613264,0.08099845646968765,0.18726727316706548,0.19621948371923886,0.060448507844926794,0.5753703619853578,0.7173302430503105,1.2954220523726405,1.4748207636688129,0.6245373002000622,0.04556892307537733,0.06262570638820329,0.13023866517603136,0.13594819173359807,0.1149505085636471,1.0899736241370734
s10septs2_run003,02_right_angle_overlapping_circles/input_01_original/s10septs2_run003.json,02_right_angle_overlapping_circles/input_01_original,2,Experiment 2 - Right-Angle Turn (overlapping circles),s10septs2,3,goal_reached,True,,1789052292.1113613,1789052296.2648783,4.153517007827759,3.4846688953566236,"[1.33, -0.34, 2.356194490192345]","[1.3341625905347183, -0.3270429653070943, 2.078910742448845]","[1.76, 0.22, -0.5235987755982988]",71,210,84,208,70,34,0.0,0.026373374077472405,0.09246284387717285,4.153517007827759,0.6688481124711352,19.19402194459238,0.037909979723502754,0.06571749363246643,0.15007108678769826,0.16051029225315333,0.05007680483274819,0.5039038728845961,0.6425379859433569,1.146693621226106,1.202278365635225,0.5524493086910345,0.03507721164990132,0.053467328679155865,0.11174816233903044,0.11566132970275646,0.10318508133579972,0.9220116233525347
s10septs2_run004,02_right_angle_overlapping_circles/input_01_original/s10septs2_run004.json,02_right_angle_overlapping_circles/input_01_original,2,Experiment 2 - Right-Angle Turn (overlapping circles),s10septs2,4,goal_reached,True,,1789052315.7107763,1789052319.8246694,4.113893032073975,3.468756404607292,"[1.33, -0.34, 2.356194490192345]","[1.3389644701386565, -0.33661880447357717, 2.153825186173309]","[1.76, 0.22, -0.5235987755982988]",71,209,83,206,70,33,0.0,0.02659563288902351,0.09366932453484234,4.113893032073975,0.6451366274666825,18.598499064673305,0.03678196406721532,0.061253036692981065,0.13967033429586104,0.1492760562867552,0.0467623942897712,0.5008269400813974,0.621635008801133,1.0945746402339096,1.2734802210326057,0.5409598804085124,0.035125633101826106,0.051327428046588436,0.10861251752799973,0.11595354336906263,0.09210749828330002,0.9688622614405056
s10septs2_run005,02_right_angle_overlapping_circles/input_01_original/s10septs2_run005.json,02_right_angle_overlapping_circles/input_01_original,2,Experiment 2 - Right-Angle Turn (overlapping circles),s10septs2,5,goal_reached,True,,1789052335.0145636,1789052339.0851915,4.070627927780151,3.3823260531193426,"[1.33, -0.34, 2.356194490192345]","[1.3443480433664863, -0.3447417345501069, 2.0706103045796533]","[1.76, 0.22, -0.5235987755982988]",69,208,82,207,68,35,0.0,0.01827210669640271,0.08660735057249358,4.070627927780151,0.6883018746608087,20.349956327422184,0.03470619584972435,0.0592432010250192,0.1361824768972394,0.1464726798119635,0.04439647078508291,0.564408570287513,0.6876142517603147,1.2061096573986019,1.421740814511141,0.5922385014485755,0.032587084588729935,0.04835481895776392,0.10519363008713731,0.11460684185564943,0.09856879666792984,1.007388399721197
s10septs2_run006,02_right_angle_overlapping_circles/input_01_original/s10septs2_run006.json,02_right_angle_overlapping_circles/input_01_original,2,Experiment 2 - Right-Angle Turn (overlapping circles),s10septs2,6,goal_reached,True,,1789052354.816379,1789052358.8246458,4.0082666873931885,3.360911292583406,"[1.33, -0.34, 2.356194490192345]","[1.3409348381447084, -0.3468110241223852, 2.037807834233375]","[1.76, 0.22, -0.5235987755982988]",69,203,81,201,68,33,0.0,0.023886411538595408,0.09267560482137327,4.0082666873931885,0.6473553948097823,19.26130559406061,0.036666119688862006,0.05784809557245683,0.1289350819250331,0.13758789194413912,0.04507484620703903,0.4975800825637813,0.6263445859334822,1.1032151298050819,1.2812590897131138,0.5404909713616297,0.034489968064399815,0.04870273748954446,0.10074361143534238,0.10922413866203176,0.09184286617366788,0.9335893551771982
s10septs2_run007,02_right_angle_overlapping_circles/input_01_original/s10septs2_run007.json,02_right_angle_overlapping_circles/input_01_original,2,Experiment 2 - Right-Angle Turn (overlapping circles),s10septs2,7,goal_reached,True,,1789052374.972692,1789052384.4247048,9.452012777328491,3.2844020484345213,"[1.33, -0.34, 2.356194490192345]","[1.3411826287385806, -0.3547793336423384, 1.9524782824531683]","[1.76, 0.22, -0.5235987755982988]",67,477,127,475,66,309,0.0,0.04798036600218783,0.040916376556752176,9.452012777328491,6.16761072889397,187.78488863242862,0.06260817488020792,0.07631197639822801,0.159779276139144,0.19962138993986633,0.06717119314351175,0.016275658544844696,0.4792849182310436,1.2319489295776964,1.3029694495138395,0.28191592907071433,0.06255369033377634,0.06757360883235305,0.1200051759782369,0.1469190326152223,0.1338505649723714,1.2177753731098795
s10septs2_run008,02_right_angle_overlapping_circles/input_01_original/s10septs2_run008.json,02_right_angle_overlapping_circles/input_01_original,2,Experiment 2 - Right-Angle Turn (overlapping circles),s10septs2,8,goal_reached,True,,1789052398.281916,1789052402.3447795,4.06286358833313,3.334279733954175,"[1.33, -0.34, 2.356194490192345]","[1.3285653826282957, -0.3515659425447262, 1.9905271468012038]","[1.76, 0.22, -0.5235987755982988]",68,209,82,205,68,37,0.0,0.042173259522241276,0.09209904015829373,4.06286358833313,0.7285838543789547,21.851311602908478,0.0509308933465745,0.07673722636933672,0.17023357534056888,0.18199480730815018,0.059167187223060726,0.55222685229973,0.7046836408902634,1.2665276008689166,1.4250989682306772,0.6057913551000187,0.047285366754846285,0.06326575295212766,0.12963473633804332,0.1348941615908852,0.10365447923838947,1.0185580404228691
s10septs2_run009,02_right_angle_overlapping_circles/input_01_original/s10septs2_run009.json,02_right_angle_overlapping_circles/input_01_original,2,Experiment 2 - Right-Angle Turn (overlapping circles),s10septs2,9,goal_reached,True,,1789052416.791026,1789052420.9664845,4.1754584312438965,3.3185330279080443,"[1.33, -0.34, 2.356194490192345]","[1.332013336549345, -0.34193361798990507, 1.8881511037463057]","[1.76, 0.22, -0.5235987755982988]",68,213,83,211,65,43,0.0,0.04767187434364734,0.0916743722973159,4.1754584312438965,0.8569254033358522,25.822415993130726,0.06959586477381224,0.10564068305651715,0.22909497254959782,0.2720634016948555,0.0809137983122192,0.6932878804938376,0.8804314766708665,1.6276800044506987,1.6766069052214752,0.7474059645928232,0.05058347215840965,0.06991438862155379,0.1432483767468536,0.14627921783804426,0.16605283724287048,1.526715459697711
s10septs2_run010,02_right_angle_overlapping_circles/input_01_original/s10septs2_run010.json,02_right_angle_overlapping_circles/input_01_original,2,Experiment 2 - Right-Angle Turn (overlapping circles),s10septs2,10,goal_reached,True,,1789052436.7981455,1789052441.3847244,4.586578845977783,3.427042745634112,"[1.33, -0.34, 2.356194490192345]","[1.333735649511745, -0.3409846699656933, 2.100640176692786]","[1.76, 0.22, -0.5235987755982988]",70,236,90,230,67,58,0.0,0.04664330968203106,0.08883107201351148,4.586578845977783,1.1595361003436713,33.83488874834913,0.07021485132148597,0.20101282407353419,0.4379779955887368,0.44714989742973654,0.140213977199965,0.6890286818490903,1.0668255192196356,1.973659883473557,2.0978003162227754,0.8952321118176382,0.060918823674625255,0.09244969313475296,0.17326189335665224,0.17549083244494793,0.2731063352394227,1.928519965591833
s10septs2_mod_run001,02_right_angle_overlapping_circles/input_02_updated_start_and_goal/s10septs2_mod_run001.json,02_right_angle_overlapping_circles/input_02_updated_start_and_goal,2,Experiment 2 - Right-Angle Turn (overlapping circles),s10septs2_mod,1,goal_reached,True,,1789055772.2190444,1789055775.2655666,3.0465221405029297,2.7108930279251675,"[1.33, -0.54, 1.5707963267948966]","[1.3428763497198763, -0.5383565344619492, 1.6537292701854438]","[1.82, 0.22, -0.5235987755982988]",56,163,62,153,55,17,0.0,0.04960702519000053,0.008156605651152837,3.0465221405029297,0.3356291125777622,12.380758263805127,0.06273205485885365,0.0667562768573043,0.10432473401583357,0.1089139673231939,0.06138387904410248,0.4278278063423877,0.40462118299574784,0.6023008800346024,0.6223543605991235,0.3639521664017527,0.05186285479286138,0.053018408470979037,0.0972180913520745,0.10505855170323457,0.11907832953282324,0.822566403444927
s10septs2_mod_run002,02_right_angle_overlapping_circles/input_02_updated_start_and_goal/s10septs2_mod_run002.json,02_right_angle_overlapping_circles/input_02_updated_start_and_goal,2,Experiment 2 - Right-Angle Turn (overlapping circles),s10septs2_mod,2,goal_reached,True,,1789055801.2548928,1789055804.5259552,3.2710623741149902,2.686813593425339,"[1.33, -0.54, 1.5707963267948966]","[1.3339303148774864, -0.5584418557377067, 1.580530757391622]","[1.82, 0.22, -0.5235987755982988]",55,167,66,164,54,30,0.0,0.04980669313630772,0.003020343306477713,3.2710623741149902,0.5842487806896512,21.745043352442245,0.06668372472315406,0.07929563314740676,0.11646243329668589,0.13691290950076984,0.07451104913293102,0.43267291086529713,0.43563817539962296,0.7141969204085317,0.7289152470148603,0.375285283171274,0.0515285692395326,0.054879813274269454,0.10468266216726742,0.11485865142495913,0.11529291768863491,0.8601920367622907
s10septs2_mod_run003,02_right_angle_overlapping_circles/input_02_updated_start_and_goal/s10septs2_mod_run003.json,02_right_angle_overlapping_circles/input_02_updated_start_and_goal,2,Experiment 2 - Right-Angle Turn (overlapping circles),s10septs2_mod,3,goal_reached,True,,1789055819.7428713,1789055827.0455058,7.3026344776153564,2.6372748521839946,"[1.33, -0.54, 1.5707963267948966]","[1.3488943683190646, -0.5323172180829294, 1.5269784116593055]","[1.82, 0.22, -0.5235987755982988]",54,370,114,368,53,234,0.0,0.04901882211451294,0.013647456699811933,7.3026344776153564,4.665359625431362,176.90077397764813,0.055584832459870476,0.06340642454866831,0.10425363248513762,0.13030286632843743,0.06051725525500773,0.01241088465772422,0.26167144263044656,0.5656556612918294,0.6604651489813094,0.15466052879846978,0.05495772352652273,0.052839589957382964,0.07575268391001097,0.0893336924794687,0.12146196786438108,0.876697360547083
s10septs2_mod_run004,02_right_angle_overlapping_circles/input_02_updated_start_and_goal/s10septs2_mod_run004.json,02_right_angle_overlapping_circles/input_02_updated_start_and_goal,2,Experiment 2 - Right-Angle Turn (overlapping circles),s10septs2_mod,4,goal_reached,True,,1789055836.2911658,1789055840.7454138,4.454247951507568,2.7261109625776987,"[1.33, -0.54, 1.5707963267948966]","[1.3292654630004217, -0.5502261144626157, 1.6353998613012999]","[1.82, 0.22, -0.5235987755982988]",56,227,90,225,55,87,0.0,0.04987293520492893,0.009555120329955535,4.454247951507568,1.7281369889298697,63.39202668756426,0.05651731930049461,0.07047355125611694,0.11589311704842495,0.12016835566605262,0.06502113809900333,0.2683389149574631,0.3699043513027438,0.6118828340013441,0.6248571697767984,0.2798305115032828,0.05092509943992483,0.050954716179708495,0.07836391057849247,0.09351798024825839,0.11270777557512987,0.9337072876265297
s10septs2_mod_run005,02_right_angle_overlapping_circles/input_02_updated_start_and_goal/s10septs2_mod_run005.json,02_right_angle_overlapping_circles/input_02_updated_start_and_goal,2,Experiment 2 - Right-Angle Turn (overlapping circles),s10septs2_mod,5,goal_reached,True,,1789055853.0583208,1789055859.7868907,6.728569984436035,2.7021722778886637,"[1.33, -0.54, 1.5707963267948966]","[1.3316996730723842, -0.5554108634607231, 1.600538401073711]","[1.82, 0.22, -0.5235987755982988]",56,340,116,337,55,202,0.0,0.046657561086324725,0.06202809075393212,6.728569984436035,4.026397706547371,149.00595863167496,0.05887925577588347,0.0671404797227573,0.10097021102891836,0.11171284962935839,0.06460991268612681,0.011662442222848846,0.27266856940842094,0.5726754493632928,0.6350109442259964,0.1714993527618848,0.05782105012750598,0.056638063752031294,0.08200459431153276,0.1012846054926343,0.11096771099826672,0.8334206414227839
s10septs2_mod_run006,02_right_angle_overlapping_circles/input_02_updated_start_and_goal/s10septs2_mod_run006.json,02_right_angle_overlapping_circles/input_02_updated_start_and_goal,2,Experiment 2 - Right-Angle Turn (overlapping circles),s10septs2_mod,6,goal_reached,True,,1789055871.0914872,1789055874.2283444,3.136857271194458,2.708518719365901,"[1.33, -0.54, 1.5707963267948966]","[1.3352991479196157, -0.548569459186131, 1.624346612348925]","[1.82, 0.22, -0.5235987755982988]",56,162,63,159,55,22,0.0,0.0493207191236797,0.025390035471109407,3.136857271194458,0.4283385518285572,15.814494792520271,0.06229134733072129,0.07415177893062709,0.11313992402612658,0.11903631206769766,0.06849859223624548,0.45549489788096675,0.49223401904353054,0.7922679419377227,0.8139734167685084,0.4350066759007668,0.05036300301550659,0.053897166799870395,0.1083183720457394,0.11802559804217111,0.11770565367904005,0.9949565842322777
s10septs2_mod_run007,02_right_angle_overlapping_circles/input_02_updated_start_and_goal/s10septs2_mod_run007.json,02_right_angle_overlapping_circles/input_02_updated_start_and_goal,2,Experiment 2 - Right-Angle Turn (overlapping circles),s10septs2_mod,7,goal_reached,True,,1789055888.0923128,1789055891.025695,2.933382272720337,2.643007628644368,"[1.33, -0.54, 1.5707963267948966]","[1.3487328804164622, -0.5457732495869947, 1.5479683798441466]","[1.82, 0.22, -0.5235987755982988]",54,150,59,147,53,15,0.0,0.04981975207771127,0.053453508452333764,2.933382272720337,0.2903746440759689,10.986523115898297,0.06078550077257894,0.07721799301039702,0.11616131145879569,0.1216003451949279,0.07225195703639369,0.44813296507931977,0.4547847056581663,0.6898042238808285,0.8580246662473763,0.409098733097304,0.041616277865942554,0.047971356918572274,0.09371724315478126,0.099831238552735,0.12356411896941213,0.9088606214025216
s10septs2_mod_run008,02_right_angle_overlapping_circles/input_02_updated_start_and_goal/s10septs2_mod_run008.json,02_right_angle_overlapping_circles/input_02_updated_start_and_goal,2,Experiment 2 - Right-Angle Turn (overlapping circles),s10septs2_mod,8,goal_reached,True,,1789055901.5943804,1789055906.5254023,4.9310219287872314,2.6721733075615233,"[1.33, -0.54, 1.5707963267948966]","[1.3328274343015913, -0.5453934899540602, 1.5392447836690193]","[1.82, 0.22, -0.5235987755982988]",55,249,99,249,54,113,0.0,0.049919249696806826,0.010076577049977331,4.9310219287872314,2.258848621225708,84.53226498572458,0.06219233044346685,0.07466698481897194,0.11590491648805987,0.13493064212863473,0.07068509573414876,0.2055256051480301,0.35751251576161824,0.691886558893162,0.8604617689171077,0.25591382311664435,0.057951522806978795,0.0578916779019644,0.09858831394957378,0.11695752911180207,0.12213230258556104,0.8995498171294546
s10septs2_mod_run009,02_right_angle_overlapping_circles/input_02_updated_start_and_goal/s10septs2_mod_run009.json,02_right_angle_overlapping_circles/input_02_updated_start_and_goal,2,Experiment 2 - Right-Angle Turn (overlapping circles),s10septs2_mod,9,goal_reached,True,,1789055914.4934058,1789055917.3264394,2.833033561706543,2.583515058344485,"[1.33, -0.54, 1.5707963267948966]","[1.3440120141784395, -0.5446046573102237, 1.4050097479890429]","[1.82, 0.22, -0.5235987755982988]",53,147,57,144,52,13,0.0,0.04311293335961913,0.09927291958079287,2.833033561706543,0.24951850336205794,9.658101374564824,0.06713812859589777,0.08300591691218893,0.14081193329717132,0.14364196960147477,0.07484714565866857,0.38625742983463196,0.41537094021444243,0.6345496673866646,0.6470781468179139,0.3738599636621304,0.02434120206612421,0.036692724997081635,0.06217362408867832,0.06324563765480971,0.14761319388754765,0.8514920108341308
s10septs2_mod_run010,02_right_angle_overlapping_circles/input_02_updated_start_and_goal/s10septs2_mod_run010.json,02_right_angle_overlapping_circles/input_02_updated_start_and_goal,2,Experiment 2 - Right-Angle Turn (overlapping circles),s10septs2_mod,10,goal_reached,True,,1789055926.8448188,1789055931.305968,4.461149215698242,2.706570170121443,"[1.33, -0.54, 1.5707963267948966]","[1.3329995044524026, -0.5434918465179082, 1.6074179354512055]","[1.82, 0.22, -0.5235987755982988]",56,228,90,228,55,92,0.0,0.04970187242552054,0.059728792396247954,4.461149215698242,1.7545790455767993,64.8266601378405,0.06173387065292881,0.06952858161961464,0.11071144183094406,0.11801595927922497,0.06482187598527266,0.23382211760332572,0.3605270535229163,0.6553655183139966,0.8724601600636497,0.2823038863543862,0.0557785763440098,0.056804179257109226,0.10158281182699794,0.11716425569677005,0.11988941883161194,0.908724191640704
s10septs2_last_run001,02_right_angle_overlapping_circles/input_03_final_start_and_goal/s10septs2_last_run001.json,02_right_angle_overlapping_circles/input_03_final_start_and_goal,2,Experiment 2 - Right-Angle Turn (overlapping circles),s10septs2_last,1,goal_reached,True,,1789056988.992765,1789056992.245768,3.2530031204223633,3.3435308774672095,"[1.33, -0.54, 1.5707963267948966]","[1.3368860261199669, -0.5475911729366567, 1.5850264539273005]","[1.92, 0.62, 3.141592653589793]",68,175,66,163,66,0,0.0,0.04838058917360709,0.09296284114677134,3.2530031204223633,-0.09052775704484617,-2.707549604369819,0.05416818942494821,0.05946704484070015,0.09652850213792431,0.09959214585593207,0.05576737039539816,0.1925732328570735,0.2510621232981647,0.45330932227270887,0.47187382236902353,0.21310500950445052,0.02928611245653005,0.03328504038919962,0.05784185679213743,0.059592180797559076,0.10629051651275916,0.7443147256356079
s10septs2_last_run002,02_right_angle_overlapping_circles/input_03_final_start_and_goal/s10septs2_last_run002.json,02_right_angle_overlapping_circles/input_03_final_start_and_goal,2,Experiment 2 - Right-Angle Turn (overlapping circles),s10septs2_last,2,goal_reached,True,,1789057010.2158651,1789057013.5056987,3.2898335456848145,3.3236784130981203,"[1.33, -0.54, 1.5707963267948966]","[1.3371402705192765, -0.5475003641908289, 1.546327745947693]","[1.92, 0.62, 3.141592653589793]",68,166,66,165,66,0,0.0,0.04812266763103279,0.09071866475482615,3.2898335456848145,-0.033844867413305835,-1.018295490921392,0.054489281128647725,0.06537830687563304,0.11377936848047958,0.13292601785146355,0.060047834857395656,0.17025941127409272,0.2396548724008873,0.4569005328179216,0.4756865900146465,0.19737224807288015,0.03385988644076599,0.035245543784393416,0.05761603399628697,0.05962005309927533,0.1201240153314266,0.8222593625949169
s10septs2_last_run003,02_right_angle_overlapping_circles/input_03_final_start_and_goal/s10septs2_last_run003.json,02_right_angle_overlapping_circles/input_03_final_start_and_goal,2,Experiment 2 - Right-Angle Turn (overlapping circles),s10septs2_last,3,goal_reached,True,,1789057024.369102,1789057027.6254232,3.2563211917877197,3.3253978190559588,"[1.33, -0.54, 1.5707963267948966]","[1.3367565035412439, -0.5501100417699805, 1.5497633377691125]","[1.92, 0.62, 3.141592653589793]",68,168,66,165,66,0,0.0,0.046888884536444936,0.08449855000149498,3.2563211917877197,-0.06907662726823904,-2.0772440179156995,0.04932832919459356,0.06411194239893532,0.11356650880008026,0.11661913302900198,0.05863458784663839,0.1718847442784055,0.24442410261296674,0.46591030476629886,0.48059610551249676,0.19913333588365173,0.02700672518541981,0.03085391178510424,0.054913401390389506,0.05704153105426244,0.11979947493143679,0.8185474976544659
s10septs2_last_run004,02_right_angle_overlapping_circles/input_03_final_start_and_goal/s10septs2_last_run004.json,02_right_angle_overlapping_circles/input_03_final_start_and_goal,2,Experiment 2 - Right-Angle Turn (overlapping circles),s10septs2_last,4,goal_reached,True,,1789057036.8204334,1789057040.126776,3.306342601776123,3.340843180665023,"[1.33, -0.54, 1.5707963267948966]","[1.336617346680771, -0.5492798375286401, 1.5795760245810195]","[1.92, 0.62, 3.141592653589793]",68,169,67,168,67,0,0.0,0.0499047751782407,0.03069523259337137,3.306342601776123,-0.0345005788888999,-1.0326907616786811,0.05139782146108961,0.062295453273856355,0.1097698665061843,0.1127582262918158,0.05581050841814421,0.15577757582968266,0.24817291790209176,0.5020112443716039,0.5200394730248505,0.19677346617299868,0.026293495219345438,0.03207425536468031,0.06103387319946803,0.06361999442038499,0.11726094070071459,0.8614835984647216
s10septs2_last_run005,02_right_angle_overlapping_circles/input_03_final_start_and_goal/s10septs2_last_run005.json,02_right_angle_overlapping_circles/input_03_final_start_and_goal,2,Experiment 2 - Right-Angle Turn (overlapping circles),s10septs2_last,5,goal_reached,True,,1789057052.1157799,1789057055.386972,3.2711920738220215,3.3458334194323083,"[1.33, -0.54, 1.5707963267948966]","[1.3388681830097895, -0.5482276628004041, 1.59832800396851]","[1.92, 0.62, 3.141592653589793]",68,167,66,164,66,0,0.0,0.049775670497695886,0.08898310788589425,3.2711920738220215,-0.07464134561028679,-2.2308745311938236,0.04997264775902023,0.0608182351448171,0.10308649018048514,0.11458840578875762,0.05632031415159011,0.16310351417186486,0.24911853470555936,0.4530966112656466,0.4764707510351567,0.20505906638391513,0.030874851689683243,0.03454176904150113,0.05936839206457562,0.062037173176665746,0.1173707475395364,0.8163685805332918
s10septs2_last_run006,02_right_angle_overlapping_circles/input_03_final_start_and_goal/s10septs2_last_run006.json,02_right_angle_overlapping_circles/input_03_final_start_and_goal,2,Experiment 2 - Right-Angle Turn (overlapping circles),s10septs2_last,6,goal_reached,True,,1789057067.217756,1789057070.646237,3.428480863571167,3.341566605443175,"[1.33, -0.54, 1.5707963267948966]","[1.3248491015420443, -0.5519789928254748, 1.5336604193073358]","[1.92, 0.62, 3.141592653589793]",68,176,69,172,67,5,0.0,0.04970640772992536,0.004396997971709116,3.428480863571167,0.08691425812799203,2.601003313428344,0.0564238064921962,0.06729206566004875,0.11746468504389504,0.12732342549978878,0.06152822205757584,0.1567926973761269,0.24196580238426066,0.465545522602815,0.4877044091259455,0.19487540439511397,0.031241983459919957,0.036071897052729285,0.06323887187816465,0.06434604267701918,0.11977119419835626,0.8486010771294363
s10septs2_last_run007,02_right_angle_overlapping_circles/input_03_final_start_and_goal/s10septs2_last_run007.json,02_right_angle_overlapping_circles/input_03_final_start_and_goal,2,Experiment 2 - Right-Angle Turn (overlapping circles),s10septs2_last,7,goal_reached,True,,1789057081.4148235,1789057084.7459168,3.3310933113098145,3.3864547450711457,"[1.33, -0.54, 1.5707963267948966]","[1.3344801674098523, -0.5473921373434916, 1.6606854236288822]","[1.92, 0.62, 3.141592653589793]",69,170,67,169,67,0,0.0,0.045453045209502,0.0816573508023839,3.3310933113098145,-0.05536143376133129,-1.634790302215251,0.04594005237225999,0.05414678504043817,0.09167837697357763,0.09490614222417366,0.048502737119131986,0.15372120827194413,0.25394021007814205,0.5084157288505451,0.5244902066788804,0.19951925786990832,0.02603287650061849,0.030719378210757903,0.050021152400404105,0.052119709991477026,0.10787570326404511,0.8434144514688348
s10septs2_last_run008,02_right_angle_overlapping_circles/input_03_final_start_and_goal/s10septs2_last_run008.json,02_right_angle_overlapping_circles/input_03_final_start_and_goal,2,Experiment 2 - Right-Angle Turn (overlapping circles),s10septs2_last,8,goal_reached,True,,1789057093.919111,1789057097.185783,3.266671895980835,3.356141719049348,"[1.33, -0.54, 1.5707963267948966]","[1.3293584845223227, -0.5501230356436997, 1.580421470259101]","[1.92, 0.62, 3.141592653589793]",69,167,66,165,66,0,0.0,0.04407681388361208,0.09775899182641723,3.266671895980835,-0.08946982306851314,-2.6658535472648675,0.04898155882388945,0.06621097954283851,0.12029826879322002,0.1236768727834177,0.05739342131505072,0.16547960663404293,0.2751542556081496,0.569873147465771,0.5908088233081088,0.21481870005027726,0.017451711673896992,0.028349405517230905,0.05546953466850899,0.05739135596512451,0.1153222989878213,0.8661405005344285
s10septs2_last_run009,02_right_angle_overlapping_circles/input_03_final_start_and_goal/s10septs2_last_run009.json,02_right_angle_overlapping_circles/input_03_final_start_and_goal,2,Experiment 2 - Right-Angle Turn (overlapping circles),s10septs2_last,9,goal_reached,True,,1789057105.6766841,1789057108.9056876,3.229003429412842,3.3488832742553107,"[1.33, -0.54, 1.5707963267948966]","[1.3321289246218704, -0.5507529621060794, 1.5778145127907341]","[1.92, 0.62, 3.141592653589793]",68,167,65,163,65,0,0.0,0.048774630656737795,0.0461880491026303,3.229003429412842,-0.11987984484246894,-3.579696126289339,0.054159440819053925,0.06354266553580228,0.10428868454181685,0.10677547259954387,0.05897272454486163,0.17111070816826857,0.26009280252342826,0.4793539541355837,0.49707740298489433,0.21559736401450116,0.02894485031437194,0.03480698786171354,0.06311140498214385,0.06421399564800773,0.11074568623582817,0.7731313915040269
s10septs2_last_run010,02_right_angle_overlapping_circles/input_03_final_start_and_goal/s10septs2_last_run010.json,02_right_angle_overlapping_circles/input_03_final_start_and_goal,2,Experiment 2 - Right-Angle Turn (overlapping circles),s10septs2_last,10,goal_reached,True,,1789057116.869258,1789057120.0863445,3.2170865535736084,3.2758427499093266,"[1.33, -0.54, 1.5707963267948966]","[1.3242437107415852, -0.5462589388249235, 1.3898235656405618]","[1.92, 0.62, 3.141592653589793]",67,166,65,163,65,0,0.0,0.049476446017161224,0.0978938626298631,3.2170865535736084,-0.05875619633571816,-1.793620781624652,0.0550521217386984,0.07701026155802536,0.14133490997982,0.1438526843602303,0.06714524992264599,0.1496231010285447,0.2324505498077669,0.4997422781071711,0.5153910865964866,0.18125358200566455,0.022745792732483675,0.028984761415484436,0.05405397664257178,0.05554817122489407,0.14419464767477197,0.7452578099926179
s10septs3_run001,03_multiple_corridors/input_01/s10septs3_run001.json,03_multiple_corridors/input_01,3,Experiment 3 - Multiple Corridors,s10septs3,1,goal_reached,True,,1789054691.5146427,1789054704.7260938,13.211451053619385,13.160458990331694,"[-0.27999999999999997, -0.7, -1.5707963267948966]","[-0.2814020850337404, -0.7039299247889796, -1.5974824647520272]","[1.2050000000000003, 3.8320508075688773, -1.5707963267948966]",265,673,265,661,264,3,0.0,0.037160414967749175,0.09854199045306888,13.211451053619385,0.05099206328769057,0.3874641707037102,0.0581736990009277,0.11058832629871569,0.2658457279081668,0.29089883534684824,0.08472650178959337,0.08339458974217973,0.299432729548433,0.9157938495808366,1.1545741354361372,0.1617234052142214,0.016043018568969836,0.02957467105218485,0.06847740827955155,0.09262498473347454,0.08258495662437215,0.6480499763247355
s10septs3_run002,03_multiple_corridors/input_01/s10septs3_run002.json,03_multiple_corridors/input_01,3,Experiment 3 - Multiple Corridors,s10septs3,2,goal_reached,True,,1789054725.447878,1789054738.6660569,13.218178987503052,13.13433409330936,"[-0.27999999999999997, -0.7, -1.5707963267948966]","[-0.27730900804718006, -0.7052587022751604, -1.5558858425865738]","[1.2050000000000003, 3.8320508075688773, -1.5707963267948966]",264,665,265,663,263,5,0.0,0.0356853857853308,0.09850332803952222,13.218178987503052,0.08384489419369245,0.6383642565967856,0.049995853420710355,0.05615186782141274,0.10796467542625553,0.17095911165604,0.051213270634173164,0.07596862314095354,0.15250659993344465,0.37949586781155265,0.5554532971676309,0.10819398625590168,0.017832664332608845,0.024803796928289434,0.04719002098269377,0.06295550540508452,0.06746534514253016,0.525176899864315
s10septs3_run003,03_multiple_corridors/input_01/s10septs3_run003.json,03_multiple_corridors/input_01,3,Experiment 3 - Multiple Corridors,s10septs3,3,goal_reached,True,,1789054754.4950292,1789054767.6869183,13.19188904762268,13.125471168590572,"[-0.27999999999999997, -0.7, -1.5707963267948966]","[-0.27452438185719497, -0.6909699402785212, -1.5790254651333229]","[1.2050000000000003, 3.8320508075688773, -1.5707963267948966]",264,663,264,661,263,4,0.0,0.039916074426917,0.096419861480733,13.19188904762268,0.06641787903210883,0.5060228176116657,0.04737607533223247,0.058607633108443566,0.12646419220966554,0.1481926661932342,0.05165500541103308,0.07653147399032445,0.16362832127370774,0.41532589337863346,0.7976350100645968,0.11066411771134957,0.01686864032954372,0.02379379781826087,0.04923884281597395,0.0592019075473206,0.06885276320080232,0.5389548974764301
s10septs3_run004,03_multiple_corridors/input_01/s10septs3_run004.json,03_multiple_corridors/input_01,3,Experiment 3 - Multiple Corridors,s10septs3,4,goal_reached,True,,1789054782.846509,1789054796.0659714,13.219462394714355,13.124203584773806,"[-0.27999999999999997, -0.7, -1.5707963267948966]","[-0.2770503973627214, -0.6880513486181021, -1.57439079935522]","[1.2050000000000003, 3.8320508075688773, -1.5707963267948966]",264,667,265,663,263,5,0.0,0.0260935422670492,0.09479527482038819,13.219462394714355,0.09525880994054958,0.7258254516187571,0.04767275940647415,0.05314085883372417,0.1047268306846866,0.15964245261231164,0.04860436027691108,0.07753499222272886,0.152798092323697,0.389533665006523,0.6503943579003808,0.10643466620767264,0.01711548192635715,0.022501160597625105,0.04279460958576937,0.05598341237080913,0.06865712753751681,0.5176822235325143
s10septs3_run005,03_multiple_corridors/input_01/s10septs3_run005.json,03_multiple_corridors/input_01,3,Experiment 3 - Multiple Corridors,s10septs3,5,goal_reached,True,,1789054820.699797,1789054833.9462712,13.246474266052246,13.143527113116996,"[-0.27999999999999997, -0.7, -1.5707963267948966]","[-0.2841423885599803, -0.6936560030978605, -1.5770388325435605]","[1.2050000000000003, 3.8320508075688773, -1.5707963267948966]",264,667,265,665,263,6,0.0,0.04718197110303224,0.09706800203098709,13.246474266052246,0.10294715293525059,0.7832536278067341,0.050126521612922595,0.0579760136850936,0.11432145267036299,0.1397663819945324,0.052631001954914484,0.07991076265645347,0.15629440336502565,0.38844790656847644,0.5599358466775968,0.11154514393744394,0.017762775047893805,0.025741981910494243,0.050610698639587504,0.06496163940647746,0.06498656232495276,0.5140679400543283
s10septs3_run006,03_multiple_corridors/input_01/s10septs3_run006.json,03_multiple_corridors/input_01,3,Experiment 3 - Multiple Corridors,s10septs3,6,goal_reached,True,,1789054849.3990958,1789054862.6462567,13.247160911560059,13.14433453048477,"[-0.27999999999999997, -0.7, -1.5707963267948966]","[-0.27872093674218545, -0.6955879588421148, -1.592586651554534]","[1.2050000000000003, 3.8320508075688773, -1.5707963267948966]",264,667,265,665,263,6,0.0,0.03789453831947279,0.09533221609589759,13.247160911560059,0.10282638107528896,0.7822867018243538,0.049376242186195435,0.056289891458196226,0.1139434484107972,0.13721697770256466,0.051272595222856855,0.0813318750316192,0.15638808884663655,0.3834196708218653,0.5691810554764789,0.11153513927802333,0.017185926626033528,0.024865076036063416,0.04656131884512939,0.05934805626600371,0.06700379734095013,0.5178602710270691
s10septs3_run007,03_multiple_corridors/input_01/s10septs3_run007.json,03_multiple_corridors/input_01,3,Experiment 3 - Multiple Corridors,s10septs3,7,goal_reached,True,,1789054879.451961,1789054892.726889,13.274927854537964,13.146137329827884,"[-0.27999999999999997, -0.7, -1.5707963267948966]","[-0.27963106956897343, -0.6930429372056413, -1.5987216855747792]","[1.2050000000000003, 3.8320508075688773, -1.5707963267948966]",264,666,266,664,263,7,0.0,0.040487808642559284,0.09162264821311705,13.274927854537964,0.12879052471008023,0.9796833965659358,0.04984943209795991,0.054106927984381076,0.1018378969585874,0.12703848247889854,0.050536564649966885,0.07822047221233408,0.14677685956402378,0.3457281768323604,0.5280203152808891,0.10729554913324597,0.018573348168161342,0.024276090967727,0.04540245819151989,0.056997254049706784,0.06652746429022079,0.5134012891845673
s10septs3_run008,03_multiple_corridors/input_01/s10septs3_run008.json,03_multiple_corridors/input_01,3,Experiment 3 - Multiple Corridors,s10septs3,8,goal_reached,True,,1789054912.292925,1789054925.5261686,13.233243703842163,13.150638501493361,"[-0.27999999999999997, -0.7, -1.5707963267948966]","[-0.28275180423322643, -0.6905831582955728, -1.6026115357400923]","[1.2050000000000003, 3.8320508075688773, -1.5707963267948966]",265,666,265,664,263,5,0.0,0.03953333090454957,0.0936801995660943,13.233243703842163,0.08260520234880175,0.6281459439358877,0.046002416482813384,0.059063258858970305,0.13239727593814718,0.15076353859458985,0.05138257339179567,0.07655650768555233,0.1727569689609493,0.48766908849228574,0.6364514060747215,0.11486512488523044,0.01690187045932472,0.025135355469529597,0.050945915787511495,0.06506001350939163,0.06961468132266588,0.5456068332332824
s10septs3_run009,03_multiple_corridors/input_01/s10septs3_run009.json,03_multiple_corridors/input_01,3,Experiment 3 - Multiple Corridors,s10septs3,9,goal_reached,True,,1789054946.3936176,1789054959.56607,13.172452449798584,13.124103362929652,"[-0.27999999999999997, -0.7, -1.5707963267948966]","[-0.2816377185350101, -0.7038778226152669, -1.5241022163665485]","[1.2050000000000003, 3.8320508075688773, -1.5707963267948966]",264,664,264,661,263,3,0.0,0.028411825670777924,0.09550074453734547,13.172452449798584,0.04834908686893158,0.3683991624562972,0.047755673830205125,0.05462722212504109,0.11564637267196762,0.15294902086317103,0.049099762943260274,0.07531346509864179,0.15660544384428007,0.3629362955928803,0.8206982800662406,0.10720090312706063,0.017406828459022448,0.023437939590349142,0.04762741960360745,0.06198792426238074,0.06781138373172477,0.517937588264874
s10septs3_run010,03_multiple_corridors/input_01/s10septs3_run010.json,03_multiple_corridors/input_01,3,Experiment 3 - Multiple Corridors,s10septs3,10,goal_reached,True,,1789054977.4954448,1789054990.7277477,13.232302904129028,13.152634165489854,"[-0.27999999999999997, -0.7, -1.5707963267948966]","[-0.2778537762317992, -0.7095039317471885, -1.5811835175905131]","[1.2050000000000003, 3.8320508075688773, -1.5707963267948966]",265,664,265,662,263,4,0.0,0.024181503907021208,0.09716630903507317,13.232302904129028,0.07966873863917456,0.6057245844198343,0.048959976976027914,0.0518566266162971,0.09444911438562242,0.11179067006024922,0.04813252449154486,0.07719656727855684,0.14411486196633272,0.3349199054331721,0.5189354840561835,0.10545894983010771,0.016689075180790547,0.02326903949159251,0.04733613738249119,0.05372979022524916,0.07042947179606467,0.5187577220511107
s10septs4_run001,04_multiple_narrow_corridors/input_01/s10septs4_run001.json,04_multiple_narrow_corridors/input_01,4,Experiment 4 - Narrow Corridors,s10septs4,1,goal_reached,True,,1789055027.8290877,1789055036.3659766,8.536888837814331,8.694105605305909,"[-0.22999999999999993, -0.7, 0.0]","[-0.23195766148418384, -0.7028637206762793, -0.03248972605960826]","[1.8451150572225252, 2.29, 0.5235987755982988]",175,438,172,427,172,0,0.0,0.046929955330619604,0.0844867588850926,8.536888837814331,-0.15721676749157787,-1.8083144446236121,0.0612762878714878,0.06723553343441431,0.11935734185329461,0.13875084072102306,0.06306446430040226,0.040164073682852575,0.05319731628548226,0.0999181604925649,0.14771010469812396,0.04312897522409069,0.013342481634239062,0.01696405009508589,0.029777882141005123,0.03333157463455011,0.08504435121983998,0.4229839923874353
s10septs4_run002,04_multiple_narrow_corridors/input_01/s10septs4_run002.json,04_multiple_narrow_corridors/input_01,4,Experiment 4 - Narrow Corridors,s10septs4,2,goal_reached,True,,1789055053.042926,1789055061.607991,8.565064907073975,8.69671611596075,"[-0.22999999999999993, -0.7, 0.0]","[-0.23331924554824157, -0.7031370149283354, 0.1390142647497504]","[1.8451150572225252, 2.29, 0.5235987755982988]",175,433,172,431,172,0,0.0,0.044778122899201016,0.08078117430141507,8.565064907073975,-0.13165120888677606,-1.5138036832680053,0.044400149830207306,0.060360803136983776,0.1288270680689363,0.1952062595129354,0.05208071420445143,0.03787211105387023,0.05408254383686246,0.10555070210251705,0.20827689043425224,0.042785414649425195,0.011895350443960668,0.014587332469993965,0.0258081849276307,0.03042054325687889,0.0847512604017975,0.397038679067146
s10septs4_run003,04_multiple_narrow_corridors/input_01/s10septs4_run003.json,04_multiple_narrow_corridors/input_01,4,Experiment 4 - Narrow Corridors,s10septs4,3,goal_reached,True,,1789055075.593857,1789055084.1682785,8.574421405792236,8.689608409312243,"[-0.22999999999999993, -0.7, 0.0]","[-0.2297284882633268, -0.7033471616130162, 0.1480464598106785]","[1.8451150572225252, 2.29, 0.5235987755982988]",175,434,172,430,172,0,0.0,0.044583387876784196,0.06296520280894935,8.574421405792236,-0.11518700352000621,-1.3255718565702657,0.04450954803288315,0.059863683400428865,0.12875189430570763,0.18897011640011815,0.051833202991181215,0.03437053150675817,0.048139807632719606,0.09811563133152355,0.1828782406208891,0.03817614653209629,0.012710251588756213,0.014914498214221965,0.02463355301996166,0.034157325991256676,0.08527953711715645,0.3851166243112299
s10septs4_run004,04_multiple_narrow_corridors/input_01/s10septs4_run004.json,04_multiple_narrow_corridors/input_01,4,Experiment 4 - Narrow Corridors,s10septs4,4,goal_reached,True,,1789055103.4463153,1789055112.042986,8.596670627593994,8.701684677059317,"[-0.22999999999999993, -0.7, 0.0]","[-0.23569789332009505, -0.7044513876412095, 0.07500292506862473]","[1.8451150572225252, 2.29, 0.5235987755982988]",176,432,172,430,172,0,0.0,0.04642603912399175,0.08752945153214986,8.596670627593994,-0.10501404946532311,-1.2068243491076718,0.04892020174902906,0.062104631862652186,0.129475481947344,0.19939469678748947,0.054120407577573526,0.033498619641673555,0.046190538770110166,0.09080509076175358,0.1352532509382458,0.03688525710538987,0.014539809300397243,0.017997713000152286,0.03109143119039548,0.03688595251810142,0.0841411057125883,0.3867645879246589
s10septs4_run005,04_multiple_narrow_corridors/input_01/s10septs4_run005.json,04_multiple_narrow_corridors/input_01,4,Experiment 4 - Narrow Corridors,s10septs4,5,goal_reached,True,,1789055127.9419744,1789055136.5624316,8.620457172393799,8.707415780629473,"[-0.22999999999999993, -0.7, 0.0]","[-0.239217960665294, -0.6970413817319518, 0.07736424833568455]","[1.8451150572225252, 2.29, 0.5235987755982988]",176,433,173,432,173,0,0.0,0.04756058227732413,0.0802270309178219,8.620457172393799,-0.08695860823567436,-0.9986729751566771,0.04517156520712769,0.06216449658229612,0.13820378211887577,0.20389155222593058,0.05255323071531318,0.030164708862377765,0.04593847910110569,0.08973760440253112,0.12296021827454107,0.03583209408264153,0.012066640990649012,0.01595393439315051,0.0268405634064609,0.03042679027429961,0.08726801739048798,0.3822992585636002
s10septs4_run006,04_multiple_narrow_corridors/input_01/s10septs4_run006.json,04_multiple_narrow_corridors/input_01,4,Experiment 4 - Narrow Corridors,s10septs4,6,goal_reached,True,,1789055150.6453643,1789055159.2178404,8.572476148605347,8.688371301713017,"[-0.22999999999999993, -0.7, 0.0]","[-0.22912857831375044, -0.7030438249453379, 0.02179601567021765]","[1.8451150572225252, 2.29, 0.5235987755982988]",175,432,172,430,172,0,0.0,0.047024439596592194,0.0638308515062298,8.572476148605347,-0.11589515310767062,-1.3339111449440528,0.046033433587755815,0.06159069662824691,0.13328444141966517,0.1832883912709454,0.05321389340898592,0.03282271331825348,0.04862546675885761,0.08535533915081012,0.14518812077754362,0.039392062175974234,0.011211118598833527,0.015901058468773866,0.027981551692922175,0.033732919034979686,0.08540373978269618,0.3949803235793878
s10septs4_run007,04_multiple_narrow_corridors/input_01/s10septs4_run007.json,04_multiple_narrow_corridors/input_01,4,Experiment 4 - Narrow Corridors,s10septs4,7,goal_reached,True,,1789055172.2429743,1789055180.8124287,8.569454431533813,8.687813352148213,"[-0.22999999999999993, -0.7, 0.0]","[-0.2286001133760378, -0.7058293327241127, 0.13138308963246198]","[1.8451150572225252, 2.29, 0.5235987755982988]",175,434,172,431,172,0,0.0,0.0459200941498917,0.09244660530167259,8.569454431533813,-0.11835892061439957,-1.3623557023716821,0.044764083131515565,0.06076409921812303,0.13575250144746376,0.17819444935238515,0.052073659567229647,0.03512755223467323,0.047978708683717744,0.09033255327969836,0.16162562662243163,0.03876230072583334,0.012942690206621229,0.015077536994807652,0.02578719733306662,0.0303110532839491,0.08502928564818148,0.39324200347988236
s10septs4_run008,04_multiple_narrow_corridors/input_01/s10septs4_run008.json,04_multiple_narrow_corridors/input_01,4,Experiment 4 - Narrow Corridors,s10septs4,8,goal_reached,True,,1789055190.0949864,1789055198.6457248,8.550738334655762,8.681647200667522,"[-0.22999999999999993, -0.7, 0.0]","[-0.22603349600095402, -0.6999298694206755, 0.0216615897900854]","[1.8451150572225252, 2.29, 0.5235987755982988]",175,432,172,430,172,0,0.0,0.046774362945422095,0.07003136626469297,8.550738334655762,-0.13090886601175988,-1.507880509146864,0.04659357853981184,0.061814493357244676,0.13066186436267044,0.1539331969643398,0.05398817859356966,0.03683227256914212,0.04811355712158195,0.0948061536903539,0.13931151630727978,0.03942907930679209,0.012859322271896855,0.01713489757722874,0.03105614151961684,0.0402994628157315,0.08566111023945036,0.3945427859306979
s10septs4_run009,04_multiple_narrow_corridors/input_01/s10septs4_run009.json,04_multiple_narrow_corridors/input_01,4,Experiment 4 - Narrow Corridors,s10septs4,9,goal_reached,True,,1789055210.6436813,1789055219.1858602,8.542178869247437,8.673772172470368,"[-0.22999999999999993, -0.7, 0.0]","[-0.2216606012200142, -0.7043931716935199, 0.009803631055795873]","[1.8451150572225252, 2.29, 0.5235987755982988]",175,430,171,428,171,0,0.0,0.04796557569692796,0.08160418984245554,8.542178869247437,-0.13159330322293172,-1.5171404160302353,0.043055798186746985,0.05839308754362464,0.1277920866589668,0.14664891226761836,0.051136827829219224,0.03141947633876363,0.050895170253956096,0.10778960273767287,0.21043394376299362,0.039117000519138564,0.011189990013809152,0.014609161268115652,0.025373195892780857,0.030590620657103912,0.08278551633182542,0.3781354236339454
s10septs4_run010,04_multiple_narrow_corridors/input_01/s10septs4_run010.json,04_multiple_narrow_corridors/input_01,4,Experiment 4 - Narrow Corridors,s10septs4,10,goal_reached,True,,1789055231.8432732,1789055240.3859236,8.5426504611969,8.675387019443722,"[-0.22999999999999993, -0.7, 0.0]","[-0.22289821322151981, -0.6998491632278623, 0.021335550140781652]","[1.8451150572225252, 2.29, 0.5235987755982988]",175,429,171,428,171,0,0.0,0.045816988547083534,0.08310981382892813,8.5426504611969,-0.1327365582468225,-1.5300361580333712,0.04565223636558096,0.05959559258734719,0.12997582311875064,0.15133328781756303,0.05200315854704159,0.035596144454982825,0.053178378407473706,0.10493693690962687,0.1845561285399242,0.0419164652923568,0.012300255547972552,0.015897092088159055,0.02812704141810244,0.03224256580610461,0.08351527415540466,0.3805971241754741
